filter_type,rank,blocks,original_params,filter_params,total_params,filter_reduction_pct,total_reduction_vs_original_pct,total_reduction_vs_dense_same_blocks_pct
dense,,1,85827109,590592,79329829,0.0,7.570195566065263,0.0
lowrank,8,1,85827109,13056,78752293,97.78933680104032,8.243101838604394,0.7280187128602011
lowrank,16,1,85827109,25344,78764581,95.70871261378413,8.228784683869517,0.7125289530121148
lowrank,32,1,85827109,49920,78789157,91.54746423927178,8.200150374399772,0.6815494333159311
symbolic,8,1,85827109,13072,78752309,97.78662765496316,8.243083196475832,0.7279985439020642
symbolic,16,1,85827109,25376,78764613,95.70329432162981,8.228747399612402,0.7124886150958409
symbolic,32,1,85827109,49984,78789221,91.53662765496316,8.200075805885533,0.6814687574833944
dense,,2,85827109,1181184,72832549,0.0,15.140391132130526,0.0
lowrank,8,2,85827109,26112,71677477,97.78933680104032,16.4862036772088,1.5859282914840733
lowrank,16,2,85827109,50688,71702053,95.70871261378413,16.457569367739044,1.552185136346118
lowrank,32,2,85827109,99840,71751205,91.54746423927178,16.400300748799545,1.4846988260701965
symbolic,8,2,85827109,26144,71677509,97.78662765496316,16.486166392951674,1.585884355084155
symbolic,16,2,85827109,50752,71702117,95.70329432162981,16.457494799224804,1.5520972635462704
symbolic,32,2,85827109,99968,71751333,91.53662765496316,16.40015161177105,1.4845230804705234
dense,,4,85827109,2362368,59837989,0.0,30.280782264261052,0.0
lowrank,8,4,85827109,52224,57527845,97.78933680104032,32.97240735441759,3.8606645019437447
lowrank,16,4,85827109,101376,57576997,95.70871261378413,32.91513873547809,3.7785227040300406
lowrank,32,4,85827109,199680,57675301,91.54746423927178,32.80060149759909,3.614239108202655
symbolic,8,4,85827109,52288,57527909,97.78662765496316,32.97233278590335,3.8605575464777053
symbolic,16,4,85827109,101504,57577125,95.70329432162981,32.914989598449594,3.778308793097973
symbolic,32,4,85827109,199936,57675557,91.53662765496316,32.8003032235421,3.6138112863385197
dense,,6,85827109,3543552,46843429,0.0,45.42117339639158,0.0
lowrank,8,6,85827109,78336,43378213,97.78933680104032,49.45861103162639,7.397443086414535
lowrank,16,6,85827109,152064,43451941,95.70871261378413,49.372708103217136,7.240050680320609
lowrank,32,6,85827109,299520,43599397,91.54746423927178,49.20090224639863,6.925265868132757
symbolic,8,6,85827109,78432,43378309,97.78662765496316,49.45849917885502,7.397238148385766
symbolic,16,6,85827109,152256,43452133,95.70329432162981,49.3724843976744,7.23964080426307
symbolic,32,6,85827109,299904,43599781,91.53662765496316,49.20045483531317,6.92444611601768
dense,,8,85827109,4724736,33848869,0.0,60.561564528522105,0.0
lowrank,8,8,85827109,104448,29228581,97.78933680104032,65.94481470883518,13.64975591946661
lowrank,16,8,85827109,202752,29326885,95.70871261378413,65.83027747095618,13.35933558075456
lowrank,32,8,85827109,399360,29523493,91.54746423927178,65.60120299519816,12.77849490333045
symbolic,8,8,85827109,104576,29228709,97.78662765496316,65.9446655718067,13.649377767983918
symbolic,16,8,85827109,203008,29327141,95.70329432162981,65.82997919689919,13.358579277789161
symbolic,32,8,85827109,399872,29524005,91.53662765496316,65.60060644708422,12.776982297399652
dense,,10,85827109,5905920,20854309,0.0,75.70195566065263,0.0
lowrank,8,10,85827109,130560,15078949,97.78933680104032,82.43101838604397,27.693844950700598
lowrank,16,10,85827109,253440,15201829,95.70871261378413,82.28784683869522,27.104614207068668
lowrank,32,10,85827109,499200,15447589,91.54746423927178,82.00150374399772,25.92615271980482
symbolic,8,10,85827109,130720,15079109,97.78662765496316,82.43083196475835,27.69307772316982
symbolic,16,10,85827109,253760,15202149,95.70329432162981,82.28747399612399,27.10307975200713
symbolic,32,10,85827109,499840,15448229,91.53662765496316,82.00075805885527,25.923083809681735
dense,,11,85827109,6496512,14357029,0.0,83.2721512267179,0.0
lowrank,8,11,85827109,143616,8004133,97.78933680104032,90.67412022464836,44.249377778647656
lowrank,16,11,85827109,278784,8139301,95.70871261378413,90.51663152256474,43.30790165569771
lowrank,32,11,85827109,549120,8409637,91.54746423927178,90.20165411839749,41.424949409797804
symbolic,8,11,85827109,143792,8004309,97.78662765496316,90.67391516123419,44.24815189827923
symbolic,16,11,85827109,279136,8139653,95.70329432162981,90.5162213957364,43.30544989496086
symbolic,32,11,85827109,549824,8410341,91.53662765496316,90.2008338647408,41.42004588832411
